symbol,name,type
10.75NMB89/90,10.75% NMB Debenture 2089/2090,bond
ACLBSL,Aarambha Chautari Laghubitta Bittiya Sanstha Limited,equity
ADBL,Agricultural Development Bank Limited,equity
ADBLB,4% Agricultural Bond,bond
ADBLB86,"8 Years, 4% Agriculture Bond",bond
ADBLB87,"9 years, 4% Agriculture  Bond",bond
ADBLD83,10.35% ADBL Krisi Bank Rinpatra 2083,bond
ADLB,Adarsha Laghubitta Bittiya Sanstha Limited,equity
AHL,Asian Hydropower Limited,equity
AHPC,Arun Valley Hydropower Development Co. Ltd.,equity
AIL,Ajod Insurance Limited,equity
AKBSL,ADHIKHOLA LAGHUBITTA BITTIYA SANSTHA LIMITED,equity
AKJCL,Ankhu Khola Jalvidhyut Company Ltd,equity
AKPL,Arun Kabeli Power Ltd.,equity
ALBSL,Asha Laghubitta Bittiya Sanstha Ltd,equity
ALICL,Asian Life Insurance Co. Limited,equity
ALICLP,Asian Life Insurance Co. Ltd Promoter Share,promoter
AMFI,Arambha Microfinance Bittiya Sanstha Ltd.,equity
AMFIPO,Arambha Microfinance Bittiya Sanstha Ltd. Promoter Share,promoter
ANLB,Aatmanirbhar Laghubitta Bittiya Sanstha Limited,equity
APHL,Appolo Hydropower Limited,equity
API,API Power Company Limited,equity
AVU,Arun Vanaspati Udhyog Limited,equity
AVYAN,Aviyan Laghubitta Bittiya Sanstha Limited,equity
BANDIPUR,Bandipur Cable Car and Tourism Limited,equity
BANKING,Commercial Banking,index
BARUN,Barun Hydropower Co. Ltd.,equity
BBC,Bishal Bazar Company Limited,equity
BEDC,Bhugol Energy Development Company Limited,equity
BENI,Beni Hydropower Project Limited,equity
BFC,Best Finance Company Ltd.,equity
BFCPO,Best Finance Co. Limited Promoter Share,promoter
BFLPO,Butwal Finance Limited Promoter Share,promoter
BGWT,Bhagawati Hydropower Development Company Ltd,equity
BHBL,Bhargav Bikash Bank Ltd.,equity
BHBLPO,Bhargav Bikash Bank Ltd. Promoter Share,promoter
BHCL,Bikash Hydropower Company Limited,equity
BHDC,Bindhyabasini Hydropower Development Company Limited,equity
BHL,Balephi Hydropower Limited,equity
BHPL,Barahi Hydropower Public Limited,equity
BJHL,Bhujung Hydropower Limited,equity
BNHC,Buddha Bhumi Nepal Hydro Power Co. Ltd.,equity
BNL,Bottlers Nepal (Balaju) Limited,equity
BNT,Bottlers Nepal (Terai) Limited,equity
BOKD2079,8% BOK Debenture 2079,bond
BOKD86,8.5% BOK Debenture 2086,bond
BOKD86KA,"BOK Debenture 2086 ""KA""",bond
BOKL,Bank of Kathmandu Ltd.,equity
BOKLPO,Bank of Kathmandu Limited Promoter Share,promoter
BPCL,Butwal Power Company Limited,equity
BPW,BPW Laghubitta Bittiya Sanstha Limited,equity
BSBLPO,Bishwa Bikas Bank Limited Promoter Share,promoter
BSL,Birat Shoe Limited,equity
BSM,Butwal Spinning Mills Limited,equity
BUNGAL,Bungal Hydro Limited,equity
C30MF,Citizens Super 30 Mutual Fund,fund
CBBL,Chhimek Laghubitta Bikas Bank Limited,equity
CBBLPO,Chhimek Laghubitta Bikas Bank Limited Promoter Share,promoter
CBL,Civil Bank Ltd,equity
CBLD88,10.25% Civil Bank Debenture 2088,bond
CBLPO,Civil Bank Ltd Promoter Share,promoter
CCBD88,Century Debenture 2088,bond
CCBL,Century Commercial Bank Ltd.,equity
CCBLPO,Century Commercial Bank Ltd. Promoter Share,promoter
CEFL,City Express Finance Co. Limited,equity
CEFLPO,City Express Finance Co. Ltd. Promoter Share,promoter
CFCL,Central Finance Co. Ltd.,equity
CFCLPO,Central Finance Co. Ltd. Promoter Share,promoter
CFL,Crystal Finance Ltd.,equity
CGH,Chandragiri Hills Limited,equity
CHCL,Chilime Hydropower Company Limited,equity
CHDC,CEDB Holdings Limited,equity
CHL,Chhyangdi Hydropower Ltd.,equity
CIT,Citizen Investment Trust,equity
CITY,City Hotel Limited,equity
CIZBD86,10.25% Citizens Bank Debenture 2086,bond
CIZBD90,10% Citizens Bank Debenture 2090,bond
CKHL,Chirkhwa Hydropower Limited,equity
CLI,Citizen Life Insurance Company Limited,equity
CMB,Capital Merchant Bank & Finance Co. Ltd.,equity
CMBFLP,Capital Merchant Bank. & Fin. Promoter Share,promoter
CMF1,Citizens Mutual Fund -1,fund
CMF2,CITIZENS MUTUAL FUND 2,fund
CORBL,Corporate Development Bank Limited,equity
CORBLP,Corporate Development Bank Ltd. Promoter Share,promoter
CREST,Crest Micro Life Insurance Ltd.,equity
CSBY,Citizens Sadabahar Yojana,fund
CSY,Citizens Santulit Yojana,fund
CYCL,Cyc Nepal Laghubitta Bittiya Sanstha Limited,equity
CZBIL,Citizen Bank International Limited,equity
CZBILP,Citizens Bank Internatioal Limited Promoter Share,promoter
DBBL,Deva Bikas Bank Limited,equity
DBBLPO,Dev BikasBank Ltd. Promoter Share,promoter
DDBL,Deprosc Laghubitta Bittiya Sanstha Limited,equity
DDBLPO,Deprosc LaghuBitta Promoter Share,promoter
DEVBANK,Development Bank,index
DHEL,Daramkhola Hydro Energy Limited,equity
DHPL,Dibyashwori Hydropower Ltd.,equity
DLBS,Dhaulagiri Laghubitta Bittiya Sanstha Limited,equity
DOLTI,Dolti Power Company Ltd,equity
DORDI,Dordi Khola Jalbidhyut Company Limited,equity
EBL,Everest Bank Limited,equity
EBLCP,Everest Bank Limited Con. Pref.,promoter
EBLD2078,8% EBL Debenture 2078,bond
EBLD85,10.50% Everest Bank Limited Debenture 2085,bond
EBLD86,Everest Bank Limited Debenture 2086,bond
EBLD91,Everest Bank Limited Rinpatra 2091,bond
EBLEB89,7.5% Everest Bank Limited Urja Rinpatra (Energy Bond) 2089,bond
EBLPO,Everest Bank Ltd.Promoter,promoter
ECL,Everest Colour Limited,equity
EDBL,Excel Development Bank Ltd.,equity
EDBLPO,Excel Development Bank Ltd. Promoter Share,promoter
EHPL,Eastern Hydropower Limited,equity
EIC,Everest Insurance Co. Ltd.,equity
EICPO,Everest Insurance Co. Ltd. Promoter Share,promoter
ENL,Emerging Nepal Limited,equity
FBBLPO,Fewa Bikas Bank Ltd. Promoter Share,promoter
FHL,Fleur Himalayan Limited,equity
FINANCE,Finance,index
FLOAT,Float index,index
FMDBL,First Micro Finance Development Bank Ltd.,equity
FMDBLP,First Micro Finance Development Bank Ltd. Promoter Share,promoter
FOWAD,Forward Community Microfinance Bittiya Sanstha Ltd.,equity
GBBD85,8.75% Garima Debenture 2085,bond
GBBL,Garima Bikas Bank Limited,equity
GBBLPO,Garima Bikas Bank Limited Promoter Share,promoter
GBD80/81,10.25% GLOBAL IME BANK LTD. DEBENTURE 2080/81,bond
GBILD80|81,10.25% GLOBAL IME BANK LTD. DEBENTURE 2080/81,bond
GBILD84/85,Global IME Bank Debenture 2084/85,bond
GBILD86/87,Global IME Bank Limited Debenture 2086/87,bond
GBIME,Global IME Bank Limited,equity
GBIMEP,Global IME Bank Ltd. Promoter Share,promoter
GBIMESY2,Global IME Samunnat Yojana - II,fund
GBLBS,Grameen Bikas Laghubitta Bittiya Sanstha Ltd.,equity
GBLBSP,Grameen Bikas Laghubitta Bittiya Sanstha Ltd. Promoter Share,promoter
GCIL,Ghorahi Cement Industry Limited,equity
GDBL,Gandaki Bikas Bank Limited,equity
GDBLPO,Gandaki Bikas Bank Limited Promoter Share,promoter
GFCL,Goodwill Finance Co. Ltd.,equity
GFCLPO,Goodwill Finance Co. Ltd. Promoter Share,promoter
GHL,Ghalemdi Hydro Limited,equity
GIBF1,Global IME Balanced Fund - 1,fund
GIC,General Insurance Company Nepal Ltd,equity
GILB,Global IME Laghubitta Bittiya Sanstha Ltd.,equity
GILBPO,Global IME Laghubitta Bittiya Sanstha Ltd. Promoter Share,promoter
GIMES1,Global IME Samunnat Scheme-1,fund
GLBSL,Gurans Laghubitta Bittiya Sanstha Limited,equity
GLH,GREENLIFE HYDROPOWER LIMITED,equity
GLICL,Gurans Life Insurance Company Ltd.,equity
GLICLP,Guras Life Insurance Company Ltd. Promoter Share,promoter
GMFBS,Ganapati Microfinance Bittiya Sanstha Limited,equity
GMFIL,Guheshowori Merchant Bank & Finance Co. Ltd.,equity
GMFILP,Guheyshwori Merchant & Finance Ltd. Promoter Share,promoter
GMLI,Guardian Micro Life Insurance Limited,equity
GRDBL,Green Development Bank Ltd.,equity
GRDBLP,Green Development Bank Ltd. Promoter Share,promoter
GRU,Gorakhkali Rubber Udhyog Limited,equity
GSY,Garima Samriddhi Yojana,fund
GSYA,Garima Subarna Yojana,fund
GUFL,Gurkhas Finance Ltd.,equity
GUFLPO,Gurkhas Finance Ltd. Promoter Share,promoter
GVL,Green Ventures Limited,equity
GWFD83,12% Goodwill Finance Limited Debenture 2083,bond
H8020,Himalayan 80-20,equity
HAMRO,Hamro Bikas Bank Ltd.,equity
HAMROP,Hamro Bikas Bank Ltd. Promoter Share,promoter
HATH,Hathway Finance Company Limited,equity
HATHPO,Hathway Finance Company Limited Promoter Share,promoter
HATHY,Hathway Investment Nepal Limited,equity
HBL,Himalayan Bank Limited,equity
HBLD83,10% Himalayan Bank Ltd. Debenture 2083,bond
HBLD86,Himalayan Bank Limited Bond,bond
HBLPO,Himalayan Bank Ltd. Promoter,promoter
HBT,Harisiddhi Brick And Tiles Limited,equity
HDHPC,Himal Dolakha Hydropower Company Limited,equity
HDL,Himalayan Distillery Limited,equity
HEI,Himalayan Everest Insurance Limited,equity
HEIP,Himalayan Everest Insurance Limited (Promoter,promoter
HFIN,Hotel Forest Inn Limited,equity
HFL,Himalayan Finance Limited (Bittiya Sanstha,equity
HGI,Himalayan General Insurance Co. Ltd,equity
HGIPO,Himalayan General Insurance Co. Ltd Promoter Share,promoter
HHL,Himalayan Hydropower Limited,equity
HIDCL,Hydroelectricity Investment and Development Company Ltd,equity
HIDCLP,Hydroelectricity Investment and Development Company Limited (Promoter,promoter
HIMSTAR,Him Star Urja Company Limited,equity
HLBSL,Himalayan Laghubitta Bittiya Sanstha Ltd.,equity
HLI,Himalayan Life Insurance Limited,equity
HLICF,HLI Large Cap Fund,fund
HOTELS,Hotels and Tourism,index
HPPL,Himalayan Power Partner Ltd.,equity
HRL,Himalayan Reinsurance Limited,equity
HURJA,Himalaya Urja Bikas Company Limited,equity
HYDROPOWER,Hydropower,index
ICFC,ICFC Finance Limited,equity
ICFCD83,12% ICFC Finance Limited Debenture 2083,bond
ICFCD88,9% ICFC Finance Limited Debenture-2088,bond
ICFCD89 ,8% ICFC Finance Limited Debenture 2089,bond
ICFCPO,ICFC Finance Limited Promotor Share,promoter
IGI,IGI Prudential Insurance Limited,equity
IGIPO,IME General Insurance Ltd. Promoter Share,promoter
IHL,Ingwa Hydropower Limited,equity
ILBS,Infinity Laghubitta Bittiya Sanstha Limited,equity
ILBSP,Infinity Laghubitta Bittiya Sanstha Limited Promoter Share,promoter
ILFCMP,ILFCO Microfinance Bittiya Sanstha Ltd. Promoter Share,promoter
ILI,IME Life Insurance Company Limited,equity
IME,IME Limited,equity
INVESTMENT,INVESTMENT,index
JALPA,Jalpa Samudayik Laghubitta Bittiya Sanstha Limited,equity
JBBD87,Jyoti Bikash Bank Bond 2087,bond
JBBL,Jyoti Bikas Bank Limited,equity
JBBLPO,Jyoti Bikash Bank Ltd. Promoter Share,promoter
JBLB,Jeevan Bikas Laghubitta Bittiya Sanstha Limited,equity
JBNL,Janata Bank Nepal Ltd.,equity
JBNLPO,Janata Bank Nepal Ltd. Promoter Share,promoter
JEFL,Jebils Finance Ltd.,equity
JEFLPO,Jebils Finance Ltd. Promoter Share,promoter
JFL,Janaki Finance Ltd.,equity
JFLPO,Janaki Finance Limited Promoter Share,promoter
JHAPA,Jhapa Energy limited,equity
JLI,Jyoti Life Insurance Company Limited,equity
JOSHI,Joshi Hydropower Development Company Ltd,equity
JSLBB,Janautthan Samudayic Laghubitta Bikas Bank Ltd.,equity
JSLBBP,Janautthan Samudayic Laghubitta Bikas Bank Ltd. Promoter Share,promoter
JSM,Jyoti Sinning Mills Limited,equity
KADBL,Kanchan Development Bank Limited,equity
KADBLP,Kanchan Development Bank Limited Promoter Share,promoter
KAHL,Kalanga Hydro Limited,equity
KBL,Kumari Bank Limited,equity
KBLD86,10.25% Kumari Bank Debenture 2086,bond
KBLD89,11% KBL Debenture 2089,bond
KBLD90,10% KBL Debenture 2090,bond
KBLPO,Kumari Bank Limited Promotor Share,promoter
KBSH,Kutheli Bukhari Small Hydropower Limited,equity
KDBY,Kumari Dhanabriddhi Yojana,fund
KDL,Kalinchowk Darshan Limited,equity
KEBL,Kabeli Bikas Bank Limited,equity
KEBLPO,Kabeli BIkas Bank Ltd. Promoter Share,promoter
KEF,Kumari Equity Fund,fund
KHPL,Kalinchock Hydropower Limited,equity
KKHC,Khanikhola Hydropower Co. Ltd.,equity
KLBS,Khaptad Laghubitta Bittiya Sanstha Limited,equity
KLBSL,Kisan Lagubitta Bittiya Sanstha Limited,equity
KMCDB,Kalika Microcredit Development Bank Ltd.,equity
KMCDBP,Kalika Microcredit Development Bank Ltd. Promoter Share,promoter
KMFL,Kisan Microfinance Bittiya Sanstha Ltd.,equity
KMFLPO,Kisan Microfinance Bittiya Sanstha Ltd. Promoter Share,promoter
KNBL,Kankai Bikas Bank Ltd.,equity
KNBLPO,Kankai Bikas Bank Ltd. Promoter Share,promoter
KPCL,Kalika power Company Ltd,equity
KRBL,Karnali Development Bank Limited,equity
KRBLPO,Karnali Development Bank Limited Promoter Share,promoter
KSBBL,Kamana Sewa Bikas Bank Limited,equity
KSBBLD87,9% Kamana Sewa Bikas Bank Limited Debenture 2087,bond
KSBBLP,Kamana Sewa Bikas Bank Limited Promoter Share,promoter
KSBBLPNP,KSBBL 9% Perpetual Non Cumulative Preference Share,bond
KSLY,Kumari Sunaulo Lagani Yojana,fund
KSY,Kumari Sabal Yojana,fund
LBBL,Lumbini Bikas Bank Ltd.,equity
LBBLD89,11% LBBL Debenture 2089,bond
LBBLPO,Lumbini Bikas Bank Ltd. Promoter Share,promoter
LBL,Laxmi Bank Limited,equity
LBLD86,10% Laxmi Bank Debenture 2086,bond
LBLD88,8.5% Laxmi Bank Debenture 2088,bond
LBLPO,Laxmi Bank Limited Promoter Share,promoter
LEC,Liberty Energy Company Limited,equity
LEMF,Laxmi Equity Fund,fund
LFC,Lalitpur Finance Ltd.,equity
LFCPO,Lalitpur Finance Co. Ltd. Promoter Share,promoter
LGIL,Lumbini General Insurance Co. Ltd.,equity
LGILPO,Lumbini General Insurance Co. Ltd. Promoter Share,promoter
LICN,Life Insurance Co. Nepal,equity
LICNPO,Life Insurance Co. Nepal Promoter Share,promoter
LIFEINSU,Life Insurance,index
LLBS,Laxmi Laghubitta Bittiya Sanstha Ltd.,equity
LLBSPO,Laxmi Laghubitta Bittiya Sanstha Ltd. Promoter Share,promoter
LSH12,LS Horizon 12,equity
LSL,Laxmi Sunrise Bank Limited,equity
LSLPO,Laxmi Sunrise Bank Limited Promoter Share,promoter
LUK,Laxmi Unnati Kosh,equity
LVF1,Laxmi Value Fund-1,fund
LVF2,Laxmi Value Fund 2,fund
MABEL,Mabilung Energy Ltd,equity
MAHALAXMI,Mahalaxmi Life Insurance Limited,equity
MAKAR,Makar Jitumaya Suri Hydropower Company Limited,equity
MANDU,Mandu Hydropower Limited,equity
MANUFACTURE,Manufacturing and Processing,index
MATRI,Matribhumi Laghubitta Bittiya Sanstha,equity
MATRIP,Matribhumi Lagubitta Bittiya Sanstha Limited Promoter,promoter
MBJC,Madhya Bhotekoshi Jalavidyut Company Limited,equity
MBL,Machhapuchhre Bank Limited,equity
MBLD2085,10.25% Machhapuchchhre Debenture 2085,bond
MBLD87,Machhapuchchhre Debenture 2087,bond
MBLEF,MBL Equity Fund,fund
MBLPNP,8.25% Machhapuchchhre Perpetual Non-cumulative Preference Share,bond
MBLPO,MachhaPuchhre Bank Limited Promotor Share,promoter
MCHL,Menchhiyam Hydropower Limited,equity
MDB,Miteri Development Bank Limited,equity
MDBLPO,Malika Development Bank Limited Promoter Share,promoter
MDBPO,Miteri Development Bank Ltd. Promoter Share,promoter
MEGA,Mega Bank Nepal Ltd.,equity
MEGAPO,Mega Bank Nepal Ltd. Promoter Share,promoter
MEHL,Manakamana Engineering Hydropower Limited,equity
MEL,Modi Energy Limited,equity
MEN,Mountain Energy Nepal Limited,equity
MEPDL,Mount Everest Power Development Limited,equity
MERO,Mero Microfinance Bittiya Sanstha Ltd.,equity
MEROPO,Mero Microfinance Bittiya Sanstha Ltd. Promoter Share,promoter
METLIFE,Metlife - American Life Insurance Company Limited,equity
MFIL,Manjushree Finance Ltd.,equity
MFILPO,Manjushree Finance Ltd. Promoter Share,promoter
MFLD85,9.5% Manjushree Finance Ltd. Debenture 2085,bond
MHCL,Molung Hydropower Company Limited,equity
MHL,Mandakini Hydropower Limited,equity
MHNL,Mountain Hydro Nepal Limited,equity
MICROFINANCE,Microfinance,index
MKCL,Muktinath Krishi Company Limited,equity
MKHC,Maya Khola Hydropower Company Limited,equity
MKHL,Mai Khola Hydropower Limited,equity
MKJC,Mailung Khola Jal Vidhyut Company Limited,equity
MKLB,Manakamana Smart Laghubitta Bittiya Sanstha Limited,equity
MLBBL,Mithila LaghuBitta Bittiya Sanstha Limited,equity
MLBBLP,Mithila LaghuBitta Bikas Bank Ltd. Promoter Share,promoter
MLBD87,8.50% Machhapuchchhre Debenture 2087,bond
MLBL,Mahalaxmi Bikas Bank Ltd.,equity
MLBLD89,11% Mahalaxmi Debenture-2089,bond
MLBLPO,Mahalxmi Bikas Bank Ltd. Promotor Share,promoter
MLBS,Manushi Laghubitta Bittiya Sanstha Limited,equity
MLBSL,Mahila Laghubitta Bittiya Sanstha Ltd.,equity
MMF1,Mega Mutual Fund 1,fund
MMFDB,Mirmire Microfinance Development Bank Ltd.,equity
MMFDBP,Mirmire Microfinance Development Bank Ltd. Promoter Share,promoter
MMKJL,Mathillo Mailun Khola Jalvidhyut Limited,equity
MNBBL,Muktinath Bikas Bank Ltd.,equity
MNBBLP,Muktinath Bikas Bank Ltd. Promoter Share,promoter
MNMF1,Muktinath Mutual Fund 1,fund
MPFL,Multipurpose Finance Company Limited,equity
MPFLPO,Multipurpose Finance Company Limited Promoter Share,promoter
MSHL,Mid Solu Hydropower Company Limited,equity
MSIP,Machhapuchchhre SIP Yojana,promoter
MSLB,Mahuli Samudayik Laghubitta Bittiya Sanstha Ltd.,equity
MSLBP,Mahuli Laghubitta Bittiya Sanstha Ltd Promoter,promoter
MSMBS,Mahila Sahayatra Microfinance Bittiya Sanstha Ltd.,equity
MSMBSP,Mahila Sahayatra Microfinance Bittiya Sanstha Ltd. Promoter Share,promoter
MUTUAL,Mutual Fund Index,index
NABBC,Narayani Development Bank Limited,equity
NABIL,Nabil Bank Limited,equity
NABILD2089,7% Nabil Debenture 2089,bond
NABILD87,9% Nabil Debenture 2087,bond
NABILP,NABIL Bank Limited Promotor Share,promoter
NABILPNP,Nabil 8% Perpetual Non Cumulative Preference Share,bond
NADDF,NIC Asia Dynamic Debt Fund,fund
NADEP,Nadep Laghubittiya bittya Sanstha Ltd.,promoter
NADEPP,Nadep Laghubitta Bittiya Sanstha Ltd. Promoter Share,promoter
NAGRO,Nepal Agro Laghubitta Bittiya Sanstha Limited,equity
NBB,Nepal Bangladesh Bank Limited,equity
NBBD2085,10.25% NBBL Debenture 2085,bond
NBBL,NagBeli LaghuBitta Bikas Bank Ltd.,equity
NBBLPO,NagBeli LaghuBitta Bikas Bank Ltd. Promoter Share,promoter
NBBPO,Nepal Bangladesh Bank Limited Promoter Share,promoter
NBBU,Nepal Bitumin And Barrel Udhyog Limited,equity
NBF2,NABIL BALANCED FUND-2,fund
NBF3,Nabil Balance Fund III,fund
NBL,Nepal Bank Limited,equity
NBLD82,10% Nabil Debenture 2082,bond
NBLD85,8% Nabil Debenture 2085,bond
NBLD87,8.5% Nepal Bank Debenture 2087,bond
NCBL,National Co-operative Bank Limited,equity
NCCB,Nepal Credit And Commercial Bank Limited,equity
NCCBPO,Nepal Credit & Commercial Bank Ltd. Promoter Share,promoter
NCCD86,9.5% NCC Rinpatra 2086,bond
NCDB,Nepal Community Development Bank Ltd.,equity
NCDBPO,Nepal Community Development Bank Ltd. Promoter Share,promoter
NEF,Nabil Equity Fund,fund
NEPSE,NEPAL STOCK EXCHANGE,index
NESDO,NESDO Sambridha Laghubitta Bittiya Sanstha Limited,equity
NFCF,Nabil Flexi Cap Fund,fund
NFD,Nepal Film Development Company Limited,equity
NFS,Nepal Finance Ltd.,equity
NFSPO,Nepal Finance Ltd. Promoter Share,promoter
NGPL,Ngadi Group Power Ltd.,equity
NHDL,Nepal Hydro Developers Ltd.,equity
NHPC,National Hydro Power Company Limited,equity
NI31,NI 31,equity
NIB,Nepal Investment Bank Limited,equity
NIBD2082,10.5 % NEPAL INVESTMENT DEBENTURE 2082,bond
NIBD84,8.5% Nepal Investment Bank Bond 2084,bond
NIBLGF,NIBL Growth Fund,fund
NIBLPF,NIBL Pragati Fund,fund
NIBLSF,NIBL Sahabhagita Fund,fund
NIBLSTF,NIBL STABLE FUND,fund
NIBPO,Nepal Investment Bank Ltd. Promoter Share,promoter
NIBSF1,NIBL Samriddhi Fund 1,fund
NIBSF2,NIBL Samriddhi Fund - II,fund
NICA,NIC Asia Bank Ltd.,equity
NICAD 85/86,NIC Asia Debenture 2085/86,bond
NICAD2091,7% NIC Asia Debenture 2091,bond
NICAD8182,NIC Asia Debenture 2081/82,bond
NICAD8283,11% NIC Asia Debenture 082/83,bond
NICAD85/86,NIC Asia Debenture 2085/86,bond
NICAD8586,NIC Asia Debenture 2085/86,bond
NICAELIS,NIC Asia Equity Linked Investment Scheme,fund
NICAP,NIC Asia Bank Limted Promoter Share,promoter
NICBF,NIC Asia Balanced Fund,fund
NICD83/84,10.25% NIC Asia Debenture 2083/84,bond
NICD88,NIC ASIA Bank Rinpatra 2088,bond
NICFC,NIC Asia Flexi Cap Fund,fund
NICGF,NIC Asia Growth Fund,fund
NICGF2,Nic Asia Growth Fund 2,fund
NICL,Nepal Insurance Co. Ltd.,equity
NICLBSL,NIC ASIA Laghubitta Bittiya Sanstha Limited,equity
NICLPO,Nepal Insurance Co. Ltd Promoter Share,promoter
NICSF,NIC Asia Select - 30 (Index Fund,fund
NIDC,NIDC Development Bank Ltd.,equity
NIDCPO,NIDC Development Bank Ltd. Promoter Share,promoter
NIFL,Nepal Infrastructures Investment Fund Limited,fund
NIFRA,Nepal Infrastructure Bank Limited,equity
NIFRAGED,Nifra Harit Urja Debenture 6%-2088/89,bond
NIFRAUR85/86,NIFRA Uraj Rinpatra7%-2085/86,bond
NIL,Neco Insurance Co. Ltd.,equity
NILPO,Neco Insurace Co. Ltd. Promoter,promoter
NIMB,Nepal Investment Mega Bank Limited,equity
NIMBD90,10% NIMB Debenture 2090,bond
NIMBPO,Nepal Investment Mega Bank Ltd. Promoter Share ( NIMBPO,promoter
NKU,Nepal Khadya Udhyog Limited,equity
NLBBL,Nerude Laghubita Bittiya Sanstha Limited,equity
NLBBLP,Nerude Laghubita Bittiya Sanstha Limited Promoter Share,promoter
NLG,NLG Insurance Company Ltd.,equity
NLGPO,NLG Insurance Company Ltd. Promoter Share,promoter
NLIC,Nepal Life Insurance Co. Ltd.,equity
NLICL,National Life Insurance Co. Ltd.,equity
NLICLP,National Life Insurance Co. Ltd. Promoter Share,promoter
NLICP,Nepal Life Insurance Co. Ltd. Promoter,promoter
NLO,Nepal Lube Oil Limited,equity
NMB,NMB Bank Limited,equity
NMB50,NMB 50,equity
NMBD2085,10 % NMB DEBENTURE 2085,bond
NMBD87/88,8.50% NMB Rinpatra 2087/88,bond
NMBD89/90,NMB debenture 10.75% -2089/90,bond
NMBHF1,NMB Hybrid Fund L-1,fund
NMBHF2,NMB Hybrid Fund L-2,fund
NMBMF,NMB Microfinance Bittiya Sanstha Ltd.,equity
NMBMFP,NMB Microfinance Bittiya Sanstha Ltd. Promoter Share,promoter
NMBPNP,8.25% NMB Perpetual Non cumulative Preference Share 2081/82,bond
NMBPO,NMB Bank Limited Promoter Share,promoter
NMBSBF,NMB Saral Bachat Fund - E,fund
NMBUR93/94,NMB Energy Bond 4% - 2093/94,bond
NMFBS,National Microfinance Bittiya Sanstha Ltd.,equity
NMFBSP,National Microfinance Bittiya Sanstha Ltd. Promoter,promoter
NMIC,Nepal Micro Insurance Company Ltd.,equity
NMLBBL,Nerude Mirmire Laghubitta Bittiya Sanstha Limited,equity
NNLB,Naya Nepal Laghubitta Bikas Bank Ltd.,equity
NNLBPO,Naya Nepal Laghubitta Bikas Bank Ltd. Promoter Share,promoter
NONLIFEINSU,Nonlife Insurance,index
NRIC,Nepal Reinsurance Company Limited,equity
NRICP,Nepal Reinsurance Company Limited Promoter Share,promoter
NRM,Nepal Republic Media Limited,equity
NRN,NRN Infrastructure and Development Limited,equity
NSEWAP,Nepal Seva Laghubitta Bittiya Sanstha Ltd. promoter share,promoter
NSIF2,NMB Sulav Investment Fund - II,fund
NSLB,Naya Sarathi Laghubitta Bittiya Sanstha Limited,equity
NSM,Nepal Share Markets Ltd.,equity
NSMPO,Nepal Share Markets Limited Promoter Share,promoter
NSY,Nepal Life Samriddhi Lagani Yojana,fund
NTC,Nepal Doorsanchar Comapany Limited,equity
NTL,Nepal Tading Limited,equity
NUBL,Nirdhan Utthan Laghubitta Bittiya Sanstha Limited,equity
NUBLPO,Nirdhan Utthan Bank Limited Promoter Share,promoter
NVG,Nepal Vanaspati Ghee Udhyog Limited,equity
NWC,Nepal Welfare Company Limited,equity
NWCL,Nepal Warehousing Company Ltd,equity
NYADI,Nyadi Hydropower Limited,equity
ODBL,Om Development Bank Ltd.,equity
ODBLPO,Om Development Bank Ltd. Promoter,promoter
OHL,Oriental Hotels Limited,equity
OMPL,Om Megashree Pharmaceuticals Limited,equity
ORIENTAL,The Oriental Insurance Company Limited,equity
OTHERS,Others,index
PBD84,10.15% Prime Debenture 2084,bond
PBD85,"8 years, 8.75% Prime Debenture 2085",bond
PBD88,10% Prime Debenture 2088,bond
PBD93,6.25% Prime Bank Debenture 2093,bond
PBLD84,10% Prabhu Bank Debenture 2084,bond
PBLD86,10.25% Prabhu Bank Debenture 2086,bond
PBLD87,Prabhu Bank Debenture 2087,bond
PCBL,Prime Commercial Bank Ltd.,equity
PCBLP,Prime Commercial Bank Promoter Share,promoter
PCIL,Palpa Cement Industries Limited,equity
PDBLPO,Paschimanchal Bikash Bank Ltd. Promoter Share,promoter
PFL,Pokhara Finance Ltd.,equity
PFLPO,Pokhara Finance Company Limited Promoter Share,promoter
PHCL,Peoples Hydropower Company Limited,equity
PIC,Premier Insurance Co. Ltd.,equity
PICL,Prudential Insurance Co. Ltd.,equity
PICLPO,Prudential Insurance Co. Ltd. Promoter Share,promoter
PICPO,Premier Insurance Co. Ltd. Promoter Share,promoter
PLIC,Prime Life Insurance Company Limited,equity
PLICPO,Prime Life Insurance Company Limited Promoter Share,promoter
PMHPL,Panchakanya Mai Hydropower Ltd,equity
PMLI,Prabhu Mahalaxmi Life Insurance Ltd,equity
PPCL,Panchthar Power Company Limited,equity
PPL,People`s Power Limited,equity
PRFLPO,Prabhu Finance Ltd. Promoter Share,promoter
PRIN,Prabhu Insurance Ltd.,equity
PRINPO,Prabhu Insurance Company Ltd. Promoter,promoter
PROFL,ProgressiveFinance Limited,equity
PROFLP,Progressive Finance Limited Promoter Share,promoter
PRSF,Prabhu Smart Fund,fund
PRVU,Prabhu Bank Limited,equity
PRVUPO,Prabhu Bank Limited Promoter Share,promoter
PSDBLP,Pashupati Development Bank Limited Promoter Share,promoter
PSF,Prabhu Select Fund,fund
PSIS,Prabhu Systematic Investment Scheme,fund
PURBL,Purnima Bikas Bank Ltd.,equity
PURBLP,Purnima Bikas Bank Ltd. Promoter Share,promoter
PURE,Pure Energy Ltd,equity
RADHI,Radhi Bidyut Company Ltd,equity
RAWA,Rawa Energy Development Limited,equity
RBB,Rastriya Banijya Bank Limited,equity
RBBD2088,7% RBBL Debenture 2088,bond
RBBD83,"8.5% RBBL Debenture, 2083",bond
RBBF40,RBB FOCUS 40,equity
RBCL,Rastriya Beema Company Limited,equity
RBCLPO,Rastriya Beema Company Limited Promoter Share,promoter
RBS,Rastriya Beema Sasthan,equity
RFPL,River Falls Power Limited,equity
RHGCL,Rapti Hydro and General Construction Limited,equity
RHPL,RASUWAGADHI HYDROPOWER COMPANY LIMITED,equity
RIDI,Ridi Power Company Ltd.,equity
RJM,Raghupati Jute Mills Limited,equity
RLEL,Ridge Line Energy Limited,equity
RLFL,Reliance Finance Ltd.,equity
RLFLPO,Reliance Finance Ltd. Promoter Share,promoter
RLI,Reliance Life Insurance Limited,equity
RMBFPO,Royal Merchant Bank & Finance Co. Ltd. Promoter Share,promoter
RMDC,RMDC Laghubitta Bittiya Sanstha Ltd.,equity
RMDCPO,Rural Microfinance Development Centre Ltd. Promoter Share,promoter
RMF1,RBB Mutual Fund 1,fund
RMF2,RBB Mutual Fund 2,fund
RNLI,Reliable Nepal Life Insurance Limited,equity
RRHP,Rairang Hydropower Development Company Ltd.,promoter
RSDC,RSDC Laghubitta Bittiya Sanstha Ltd.,equity
RSDCP,RSDC Laghubitta Bittiya Sanstha Ltd. Promoter Share,promoter
RSML,Reliance Spinning Mills Limited,equity
RSY,Reliable Samriddhi Yojana,fund
RSY2,Reliable Samriddhi Yojana-2,fund
RULB,Rastra Utthan Laghubitta Bittiya Sanstha Limited,equity
RURU,Ru Ru Jalbidhyut Pariyojana Limited,fund
SABBL,Salapa Bikas Bank Limited,equity
SABSL,SABAIKO LAGHUBITTA BITTIYA SANSTHA LIMITED,equity
SADBL,Shangrila Development Bank Ltd.,equity
SADBLP,Shangrila Development Bank Ltd. Promoter Share,promoter
SAEF,Sanima Equity Fund,fund
SAEF2,Sanima Equity Fund II,fund
SAGAR,Sagar Distillery Limited,equity
SAGF,Sanima Growth Fund,fund
SAHAS,Sahas Urja Limited,equity
SAIL,Shreenagar Agritech Industries Ltd,equity
SALICO,Sagarmatha Lumbini Insurance Company Limited,equity
SAMAJ,Samaj Laghubitta Bittiya Sanstha Limited,equity
SAND2085,Sanima Bank Limited Debenture,bond
SANIMA,Sanima Bank Limited,equity
SANIMAPNP,8.25% Sanima Perpetual Non cumulative Preference Share,bond
SANVI,Sanvi Energy Limited,equity
SAPDBL,Saptakoshi Development Bank Ltd,equity
SAPIL,Sarvottam Paints Industries Limited,equity
SARBTM,Sarbottam Cement Limited,equity
SBBLJ,Sahayogi Bikas Bank Limited,equity
SBBLJP,Sahayogi Bikas Bank Ltd. Promoter Share,promoter
SBBLPO,Sanima Bank Ltd. Promoter Share,promoter
SBCF,Sunrise Bluechip Fund,fund
SBD87,8.5% Sanima Debenture 2087,bond
SBD89,10.25% Sanima Debenture 2089,bond
SBI,Nepal SBI Bank Limited,equity
SBIBD86,10% Nepal SBI Bank Debenture 2086,bond
SBID2090,7% Nepal SBI Bank Debenture 2090,bond
SBID83,10.25% Nepal SBI Bank Debenture 2083,bond
SBID89,9% Nepal SBI Bank Rinpatra 2089,bond
SBIPO,Nepal SBI Bank Ltd. Promoter Share,promoter
SBIR90,7% Nepal SBI Rinpatra 2090,bond
SBL,Siddhartha Bank Limited,equity
SBLD2082,10.50% SBL Debenture 2082,bond
SBLD2091,S.B.L Debenture 2091,bond
SBLD83,10.25% SBL Debenture 2083,bond
SBLD84,8.5% SBL Debenture 2084,bond
SBLD89,10.75% SBL Debenture 2089,bond
SBLPNP,SBL 8.25% Perpetual Non cumulative Preference Share,bond
SBLPO,Siddhartha Bank Limited Promoter Share,promoter
SBPP,Shree Bhrikuti Pulp And Paper Limited,promoter
SCB,Standard Chartered Bank Limited,equity
SCBD,10.30% Standard Chartered Bank Nepal Limited Debenture,bond
SCBPO,Standard Chartered Bank Limited Promoter Share,promoter
SDBD87,"10 years, 9%, Shangrila Development Bank Debenture 2087",bond
SDESI,Swadeshi Laghubitta Bittiya Sanstha Ltd.,equity
SDLBSL,Sadhana Laghubitta Bittiya Sanstha Limited,equity
SEF,Siddhartha Equity Fund,fund
SEF2,Siddhartha Equity Fund 2,fund
SENFLOAT,Sensitive Float Index,index
SENSITIVE,Sensitive Index,index
SEOS,Siddhartha Equity Orineted Scheme,fund
SFC,Samjhana Finance Co. Ltd.,equity
SFCL,Samriddhi Finance Company Limited,equity
SFCLP,Samriddhi Finance Company Limited Promoter Share,promoter
SFCPO,Samjhana Finace Co. Ltd. Promoter Share,promoter
SFEF,Sunrise Focused Equity Fund,fund
SFF,Sanima Flexi Fund,fund
SFFIL,Shrijana Finance (Bittaya Sanstha,equity
SFFILP,Shrijana Finance Ltd. Promoter Share,promoter
SFMF,Sunrise First Mutual Fund,fund
SGHC,Swet-Ganga Hydropower and Construction Limited,equity
SGHL,Sanigad Hydro Limited,equity
SGI,Sanima General Insurance Company Limited,equity
SGIC,Sanima GIC Insurance Limited,equity
SHBL,Sahara Bikas Bank Ltd.,equity
SHBLPO,Sahara Bikas Bank Ltd. Promoter Share,promoter
SHEL,Singati Hydro Energy Limited,equity
SHINE,Shine Resunga Development Bank Ltd.,equity
SHINED,Shine Resunga Debenture,bond
SHINEP,Shine Resunga Development Bank Ltd. Promoter Share,promoter
SHIVM,SHIVAM CEMENTS LTD,equity
SHL,Soaltee Hotel Limited,equity
SHLB,Shrijanshil Laghubitta Bittiya Sanstha Limited,equity
SHPC,Sanima Mai Hydropower Ltd.,equity
SHUBHA,Shubha Laxmi Kosh,equity
SIC,Sagarmatha Insurance Co. Ltd.,equity
SICL,Shikhar Insurance Co. Ltd.,equity
SICLPO,Shikhar Insurance Co. Ltd. Promoter,promoter
SICPO,Sagarmatha Insurance Co. Ltd. Promoter Share,promoter
SIFC,Shree Investment Finance Co. Ltd.,equity
SIFCPO,Shree Investment & Finance Co. Ltd. Promoter Share,promoter
SIGS2,Siddhartha Investment Growth Scheme - 2,fund
SIGS3,Siddhartha Investment Growth Scheme 3,fund
SIKLES,Sikles Hydropower Limited,equity
SIL,Siddhartha Insurance Ltd.,equity
SILPO,Siddhartha Insurance Ltd. Promoter Share,promoter
SINDU,Sindhu Bikash Bank Ltd,equity
SINDUP,Sindhu Bikas Bank Ltd. Promoter Share,promoter
SIPD,Shikhar Power Development Limited,fund
SJCL,SANJEN JALAVIDHYUT COMPANY LIMITED,equity
SJLIC,Suryajyoti Life Insurance Company Limited,equity
SJLICP,SuryaJyoti Life Insurance Company Limited Promoter,promoter
SKBBL,Sana Kisan Bikas Bank Ltd,equity
SKBBLP,Sana Kisan Bikas Bank Ltd Promoter Share,promoter
SKHEL,Suryakunda Hydro Electric Limited,equity
SKHL,Super Khudi Hydropower Limited,equity
SLBBL,Swarojgar Laghu Bitta Bikas Bank Ltd.,equity
SLBBLP,Swarojgar Laghu Bitta Bikas Bank Ltd. Promoter Share,promoter
SLBS,Suryodaya Laghubitta Bittiya Sanstha Ltd.,equity
SLBSL,Samudayik Laghubitta Bittiya Sanstha Limited,equity
SLCF,Sanima Large Cap Fund,fund
SLI,Sanima Life Insurance Limited,equity
SLICL,Surya Life Insurance Company Limited,equity
SLICLP,Surya Life Insurance Co. Ltd. Promoter Share,promoter
SLK,Shubha Laxmi Kosh,equity
SMATA,Samata Gharelu Laghubitta Bittiya Sanstha Limited,equity
SMATAP,Samata Gharelu Laghubitta Bittiya Sanstha Limited Promoter,promoter
SMB,Support Microfinance Bittiya Sanstha Ltd.,equity
SMBPO,Support Microfinance Bittiya Sanstha Ltd. Promoter Share,promoter
SMFBS,Swabhimaan Laghubitta Bittiya Sanstha Limited,equity
SMFDB,Summit Laghubitta Bittiya Sanstha Limited,equity
SMFDBP,Summit Laghubitta Bittiya Sanstha Limited Promoter Share,promoter
SMH,Supermai Hydropower Limited,equity
SMHL,Super Madi Hydropower Limited,equity
SMJC,Sagarmatha Jalbidhyut Company Limited,equity
SMPDA,Sampada Laghubitta Bittiya Sanstha Limited,equity
SNLI,Sun Nepal Life Insurance Company Limited,equity
SNMAPO,Sanima Bank Ltd. Promoter Share,promoter
SNORL,Snow Rivers Limited,equity
SOHL,Solu Hydropower Limited,equity
SONA,Sonapur Minerals and Oil Limited,equity
SOPL,Sopan Pharmaceuticals Limited,equity
SPARS,Sparsha Laghubitta Bittiya Sanstha Limited,equity
SPC,Samling Power Company Limited,equity
SPDL,Synergy Power Development Ltd.,equity
SPHL,Sayapatri Hydropower Limited,equity
SPIL,Siddhartha Premier Insurance Limited,equity
SPL,Shuvam Power Limited,equity
SRBL,Sunrise Bank Limited,equity
SRBLD83,10.25% Sunrise Bank Debenture 2083,bond
SRBLPO,Sunrise Bank Ltd Promoter Share,promoter
SRD80,10% Sunrise Debenture 2080,bond
SRLI,Sanima Reliance Life Insurance Limited,equity
SRLIP,Sanima Reliance Life Insurance Limited Promoter Share,promoter
SRS,Shree Ram Sugar Mills Limited,equity
SSHL,Shiva Shree Hydropower Ltd,equity
SSIS,Siddhartha Systematic Investment Scheme,fund
STC,Salt Trading Corporation,equity
SWASTIK,Swastik Laghubitta Bittiya Sanstha Limited,equity
SWBBL,Swabalamban Laghubitta Bittiya Sanstha Limited,equity
SWBBLP,Swabalamban Laghubitta Bittiya Sanstha Limited Promoter Share,promoter
SWMF,Suryodaya Womi Laghubitta Bittiya Sanstha Limited,equity
SYFL,Synergy Finance Ltd.,equity
SYFLPO,Synergy Finance Ltd. Promoter Share,promoter
SYPNL,SY Panel Nepal Limited,equity
TAMOR,Sanima Middle Tamor Hydropower Limited,equity
TMDBL,Tinau Mission Development Bank Limited,equity
TMDBLP,Tinau Mission Development Bank Limited Promoter Share,promoter
TPC,Terhathum Power Company Limited,equity
TPKHL,Taksar Pikhuwa Khola Hydropower Limited,equity
TRADING,Trading,index
TRH,Taragaon Regency Hotel Limited,equity
TRHPR,Taragaon Regency Hotels Ltd. Preference Share,equity
TSHL,Three Star Hydropower Limited,equity
TTL,Trade Tower Limited,equity
TVCL,Trishuli Jal Vidhyut Company Limited,equity
UAIL,United Ajod Insurance Limited,equity
UFL,United Finance Ltd.,equity
UFLPO,United Finance Company Limited Promoter Share,promoter
UHEWA,Upper Hewakhola Hydropower Company Limited,equity
UIC,United Insurance Co. (Nepal) Ltd.,equity
UICPO,United Insurance Co. (Nepal) Ltd. Promoter Share,promoter
ULBSL,Upakar Laghubitta Bittiya Sanstha Limited,equity
ULHC,Upper Lohore Hydropower Company Limited,equity
ULI,Union Life Insurance Co. Ltd.,equity
UMB,UNNATI LAGHUBITTA BITTIYA SANSTHA LIMITED,equity
UMBPO,Unnnati Microfinance Bittya Shansha Ltd Promoter Share,promoter
UMHL,United Modi Hydropower Ltd.,equity
UMRH,United Idi-Mardi and R.B. Hydropower Limited,equity
UNHPL,Union Hydropower Limited,equity
UNL,Unilever Nepal Limited,equity
UNLB,Unique Nepal Laghubitta Bittiya Sanstha Ltd.,equity
UPCL,UNIVERSAL POWER COMPANY LTD,equity
UPPER,Upper Tamakoshi Hydropower Ltd,equity
USHEC,Upper Solu Hydro Electric Company Limited,equity
USHL,Upper Syange Hydropower Limited,equity
USLB,Unnati Sahakarya Laghubitta Bittiya Sanstha Limited,equity
VLBS,Vijaya laghubitta Bittiya Sanstha Ltd.,equity
VLBSPO,Vijaya laghubitta Bittiya Sanstha Ltd. Promoter Share,promoter
VLUCL,Vision Lumbini Urja Company Limited,equity
WNLB,Wean Nepal Laghubitta Bittiya Sanstha Ltd.,equity
WOMIPO,Womi Microfinance Bittiya Sanstha Ltd. Promoter Share,promoter
YHL,Yak And Yeti Hotel Limited,equity
YMHL,Yambling Hydropower Company  Limited,equity
